Name,Age
Michael,96
Shawn,67
Sharon,89
Anthony,72
Sharon,80
Erica,89
Sharon,78
Janice,94
Stephen,50
Patricia,75
Randy,87
Tyler,68
Jeremy,91
Chloe,64
Gregory,70
Alexander,73
Cameron,96
Stephen,56
Sharon,98
Christopher,98
Deborah,74
Melissa,64
Timothy,62
Ashlee,58
Jeanne,96
Brandi,74
Robert,85
Michelle,74
Patricia,71
Robert,91
Colton,100
Brian,93
Monica,81
Joseph,89
Alexander,81
Brian,91
Mark,66
Devin,52
Catherine,83
April,96
Crystal,74
Savannah,66
Michael,89
Daniel,84
Linda,91
Laura,76
Johnathan,90
Jennifer,68
Rebecca,73
Richard,86
Katelyn,74
Phillip,94
David,78
Richard,68
Scott,81
Logan,58
Richard,59
Jenny,82
Jessica,85
Carlos,52
Amy,98
Michael,53
Lisa,99
Tina,72
Regina,63
Andrew,69
Mallory,95
Wendy,90
Andrea,72
Christopher,68
Kelli,78
Brandi,56
Kelly,100
Brandon,90
Karen,74
Laura,89
Diane,95
Natasha,53
Sarah,55
Cassidy,58
James,84
Kimberly,85
Melissa,83
Crystal,96
Mark,63
William,92
Carrie,78
Yesenia,77
Ashley,86
Jonathan,56
William,97
Teresa,88
Joseph,81
Dustin,99
Cheyenne,61
David,77
Jonathan,63
Rebecca,52
Matthew,65
Jeffery,67
Mike,84
Teresa,55
Richard,94
Curtis,99
Scott,67
Mitchell,84
Megan,56
Ashley,78
John,53
Alexandria,96
Dennis,96
Timothy,66
Billy,52
Cheryl,77
